ID,Nome,Email,cpf
1,arthur,arthur@gmail.com,16131970637
2,maria,maria@gmail.com,12345678901
3,joao,joao@gmail.com,23456789012
4,ana,ana@gmail.com,34567890123
5,pedro,pedro@gmail.com,45678901234
6,carla,carla@gmail.com,56789012345
7,luiz,luiz@gmail.com,67890123456
8,beatriz,beatriz@gmail.com,78901234567
9,roberto,roberto@gmail.com,89012345678
10,fernanda,fernanda@gmail.com,90123456789
11,juliana,juliana@gmail.com,01234567890
12,marcos,marcos@gmail.com,11223344556
13,rafael,rafael@gmail.com,22334455667
14,patricia,patricia@gmail.com,33445566778
15,gustavo,gustavo@gmail.com,44556677889
16,silvia,silvia@gmail.com,55667788990
17,douglas,douglas@gmail.com,66778899001
18,barbara,barbara@gmail.com,77889900112
19,vinicius,vinicius@gmail.com,88990011223
20,aline,aline@gmail.com,99001122334
21,ricardo,ricardo@gmail.com,10111213141
22,camila,camila@gmail.com,21314151617
23,felipe,felipe@gmail.com,31415161718
24,helena,helena@gmail.com,41516171819
25,andre,andre@gmail.com,51617181920
26,lorena,lorena@gmail.com,61718192021
27,carlos,carlos@gmail.com,71819202122
28,renata,renata@gmail.com,81920212223
29,thiago,thiago@gmail.com,92021222324
30,sophia,sophia@gmail.com,02122232425
